name,description,logo_url,website_url,scraped_at,tags,hq_location,employee_count,founded_year,investors,funding_details,valuation
HQ:,"HQ:
Industry:
AI/Machine Learning
Analytics
Biotech
Collaboration
Consumer
Crypto/Blockchain
Cybersecurity
Data Science
E-Commerce
EdTech
Enterprise Software
FinTech
Gaming
Hardware
Healthcare
Marketplaces
Media
Retail
SaaS
Sales/Marketing
Space
Sustainability
Any industry",,,2025-03-28 05:28:36,,,1-10 employees,,,"Series A, Series B, Series C, Series D, Series E, Series F, Series G, Series H, Series I",
Numeric,"Quick facts:
📍HQ: San Francisco Bay Area, California, USA
11-50 employees Founded: 2021",https://res.cloudinary.com/die3a7qhl/image/upload/v1729032535/numeric_ekspis.png,https://www.numeric.io/?utm_source=topstartups.io,2025-03-28 05:28:36,"Enterprise Software, IVP, Menlo VC, FinTech, Accounting, Founders Fund",,11-50 employees,2021,,$28M Series A in 2024,
Render,"Quick facts:
📍HQ: San Francisco Bay Area, California, USA
51-100 employees Founded: 2018",https://res.cloudinary.com/die3a7qhl/image/upload/v1739239915/render-logo_m6kuwe.svg,https://www.render.com/?utm_source=topstartups.io,2025-03-28 05:28:37,"Enterprise Software, General Catalyst, Bessemer, Developer Tools, SaaS",,51-100 employees,2018,,$80M Series C in 2025,
Harvey,"Quick facts:
📍HQ: San Francisco Bay Area, California, USA
201-500 employees Founded: 2021","https://images.crunchbase.com/image/upload/c_pad,f_auto,q_auto:eco,dpr_1/whp7nzng2urnf2voeikd",https://www.harvey.ai/?utm_source=topstartups.io,2025-03-28 05:28:37,"Legal, Artificial Intelligence, Sequoia, Kleiner Perkins",,201-500 employees,2021,,$300M Series D in 2025,$3.0B valuation
Semgrep,"Quick facts:
📍HQ: San Francisco Bay Area, California, USA
201-500 employees Founded: 2017","https://images.crunchbase.com/image/upload/c_lpad,h_170,w_170,f_auto,b_white,q_auto:eco,dpr_1/z9okitrtwykeceivfrsh",https://semgrep.dev/?utm_source=topstartups.io,2025-03-28 05:28:37,"Sequoia, SaaS, Cybersecurity",,201-500 employees,2017,,$100M Series D in 2025,
HighTouch.io,"Quick facts:
📍HQ: San Francisco Bay Area, California, USA
11-50 employees Founded: 2018","https://images.crunchbase.com/image/upload/c_lpad,h_256,w_256,f_auto,q_auto:eco,dpr_1/uhsr0uetxgjuq84ksent",http://www.hightouch.io/?utm_source=topstartups.io,2025-03-28 05:28:38,"Enterprise Software, Marketing, Y Combinator, Sales, SaaS",,11-50 employees,2018,,$80M Series C in 2025,$1.2B valuation
Qventus,"Quick facts:
📍HQ: San Francisco Bay Area, California, USA
101-200 employees Founded: 2012","https://images.crunchbase.com/image/upload/c_lpad,f_auto,q_auto:eco,dpr_1/v1504537466/sx7fkolgm56fkhqupehd.png",http://www.qventus.com/?utm_source=topstartups.io,2025-03-28 05:28:38,"Healthcare, Predictive Analytics, Bessemer, Y Combinator",,101-200 employees,2012,,$85M Series D in 2025,
Speak,"Quick facts:
📍HQ: San Francisco Bay Area, California, USA
11-50 employees Founded: 2016","https://images.crunchbase.com/image/upload/c_pad,h_120,w_120,f_auto,b_white,q_auto:eco,dpr_1/bc745592fc9144b09df643a736c5818a",https://www.speak.com/?utm_source=topstartups.io,2025-03-28 05:28:38,"Artificial Intelligence, Consumer, Accel, SaaS",,11-50 employees,2016,,$78M Series C in 2024,$1.0B valuation
Databricks,"Quick facts:
📍HQ: San Francisco Bay Area, California, USA
5000+ employees Founded: 2013","https://images.crunchbase.com/image/upload/c_lpad,f_auto,q_auto:eco,dpr_1/w4fk7lg95vmrsqt6gire",http://databricks.com/?utm_source=topstartups.io,2025-03-28 05:28:39,"Artificial Intelligence, Data Science, Analytics, Andreessen Horowitz, SaaS",,5000+ employees,2013,,$10B Series J in 2024,$62.0B valuation
Kong,"Quick facts:
📍HQ: San Francisco Bay Area, California, USA
201-500 employees Founded: 2017",https://img-cdn.tnwcdn.com/image?url=https%3A%2F%2Fpbs.twimg.com%2Fprofile_images%2F1412956907929620486%2FGkFcFJFf.jpg&signature=dbf80f029dc186893f337bf93a145d0b,https://konghq.com/?utm_source=topstartups.io,2025-03-28 05:28:39,"Enterprise Software, Andreessen Horowitz, SaaS",,201-500 employees,2017,,$175M Series E in 2024,$2.0B valuation
Cresta,"Quick facts:
📍HQ: San Francisco Bay Area, California, USA
201-500 employees Founded: 2017",https://images.crunchbase.com/image/upload/ooblsjdblhfi601ujl7r,http://cresta.com/?utm_source=topstartups.io,2025-03-28 05:28:40,"Artificial Intelligence, Enterprise Software, Sequoia, Andreessen Horowitz, Sales",,201-500 employees,2017,,$125M Series D in 2024,
Infinitus,"Quick facts:
📍HQ: San Francisco Bay Area, California, USA
101-200 employees Founded: 2019","https://images.crunchbase.com/image/upload/c_pad,h_120,w_120,f_auto,b_white,q_auto:eco,dpr_1/dn00i7alw6rc3xla89km",https://www.infinitus.ai/?utm_source=topstartups.io,2025-03-28 05:28:40,"Health, Artificial Intelligence, Andreessen Horowitz, Kleiner Perkins",,101-200 employees,2019,,$51M Series C in 2024,
Nooks,"Quick facts:
📍HQ: San Francisco Bay Area, California, USA
51-100 employees Founded: 2020","https://images.crunchbase.com/image/upload/c_pad,h_120,w_120,f_auto,b_white,q_auto:eco,dpr_1/jbymoqcyqscp8fgvud6b",https://www.nooks.ai/?utm_source=topstartups.io,2025-03-28 05:28:40,"Artificial Intelligence, Sales, Kleiner Perkins",,51-100 employees,2020,,$43M Series B in 2024,
Decagon,"Quick facts:
📍HQ: San Francisco Bay Area, California, USA
11-50 employees Founded: 2023","https://images.crunchbase.com/image/upload/c_pad,f_auto,q_auto:eco,dpr_1/e0779b5e58c94c77bce457ce9a6ed2dc",https://decagon.ai/?utm_source=topstartups.io,2025-03-28 05:28:41,"Artificial Intelligence, Accel, Enterprise Software, Andreessen Horowitz",,11-50 employees,2023,,$65M Series B in 2024,
World Labs,"Quick facts:
📍HQ: San Francisco Bay Area, California, USA
11-50 employees Founded: 2023","https://images.crunchbase.com/image/upload/c_pad,f_auto,q_auto:eco,dpr_1/7e39375157714ef1b7733d002ebb3017",https://www.worldlabs.ai/?utm_source=topstartups.io,2025-03-28 05:28:41,"Artificial Intelligence, Andreessen Horowitz",,11-50 employees,2023,,$230M Series A in 2024,$1.0B valuation
Safe Superintelligence,"Quick facts:
📍HQ: San Francisco Bay Area, California, USA
1-10 employees Founded: 2024","https://images.crunchbase.com/image/upload/c_pad,h_256,w_256,f_auto,q_auto:eco,dpr_1/b6ff26f22c0d4c5c8fec0811038f3e62",https://ssi.inc/?utm_source=topstartups.io,2025-03-28 05:28:41,"Sequoia, Artificial Intelligence, Andreessen Horowitz",,1-10 employees,2024,,$1B Series A in 2024,
Harmonic,"Quick facts:
📍HQ: San Francisco Bay Area, California, USA
11-50 employees Founded: 2023","https://images.crunchbase.com/image/upload/c_pad,f_auto,q_auto:eco,dpr_1/14620131a02b438192d571be5e2492f4",https://harmonic.fun/index/?utm_source=topstartups.io,2025-03-28 05:28:41,"Sequoia, Artificial Intelligence",,11-50 employees,2023,,$75M Series A in 2024,
Atlys,"Quick facts:
📍HQ: San Francisco Bay Area, California, USA
11-50 employees Founded: 2020","https://images.crunchbase.com/image/upload/c_lpad,h_170,w_170,f_auto,b_white,q_auto:eco,dpr_1/icjjhljnjqxdgepbytyz",https://www.atlys.com/?utm_source=topstartups.io,2025-03-28 05:28:41,"Travel, Sequoia, Andreessen Horowitz, Accel, Immigration",,11-50 employees,2020,,$20M Series B in 2024,
Cortex,"Quick facts:
📍HQ: San Francisco Bay Area, California, USA
101-200 employees Founded: 2019","https://images.crunchbase.com/image/upload/c_pad,h_256,w_256,f_auto,q_auto:eco,dpr_1/o9krgzpt5d7hmm5d5vp4",https://www.cortex.io/?utm_source=topstartups.io,2025-03-28 05:28:42,"Sequoia, Developer Tools, Enterprise Software",,101-200 employees,2019,,$60M Series C in 2024,
Get newly funded startups delivered to you weekly,Get newly funded startups delivered to you weekly,,,2025-03-28 05:28:42,,,,,,,
