Company,Total_Employees,Industry,Website,Funding_Date,Funding_Type,Funding_Amount_USD,Headquarters,Extraction_Time,Page
Rembrand,56,0,http://www.rembrand.com,2-Jan-25,Series A,23000000,"Los Altos, California, United States",2025-04-15 16:29:59,1
Wurthy,13,0,http://www.wurthy.co,30-Dec-24,Seed,0,"San Francisco, California, United States",2025-04-15 16:29:59,1
Frontier Bio,14,research,http://www.frontierbio.com,25-Dec-24,Seed,1300000,"Hayward, California, United States",2025-04-15 16:29:59,1
Courtyard,28,0,http://www.courtyard.io,23-Dec-24,Venture - Series Unknown,4500000,"San Francisco, California, United States",2025-04-15 16:29:59,1
Pasadena Private Lending,9,financial services,http://www.pasadena-private-lending.com,19-Dec-24,Debt Financing,50000000,"Pasadena, California, United States",2025-04-15 16:29:59,1
Tenor,5,information technology & services,http://www.tenorhq.com,19-Dec-24,Seed,5400000,"San Francisco, California, United States",2025-04-15 16:29:59,1
Earli,37,research,http://www.earli.com,19-Dec-24,Undisclosed,60000000,"South San Francisco, California, United States",2025-04-15 16:29:59,1
Child Family Health International,68,nonprofit organization management,http://www.cfhi.org,19-Dec-24,Grant,7500,"San Francisco, California, United States",2025-04-15 16:29:59,1
SandboxAQ,290,information technology & services,http://www.sandboxaq.com,18-Dec-24,Private Equity,300000000,"Palo Alto, California, United States",2025-04-15 16:29:59,1
Plume Network,29,information technology & services,http://www.plumenetwork.xyz,18-Dec-24,Series A,20000000,"San Francisco, California, United States",2025-04-15 16:29:59,1
Hamming AI,12,0,http://www.hamming.ai,18-Dec-24,Seed,3800000,"San Francisco, California, United States",2025-04-15 16:29:59,1
CourtScribes,21,legal services,http://www.courtscribes.com,18-Dec-24,Undisclosed,512474,"San Francisco, California, United States",2025-04-15 16:29:59,1
Perplexity,300,information technology & services,http://www.perplexity.ai,18-Dec-24,Private Equity,500000000,"San Francisco, California, United States",2025-04-15 16:29:59,1
Lyten,290,mechanical or industrial engineering,http://www.lyten.com,18-Dec-24,Debt Financing,650000000,"San Jose, California, United States",2025-04-15 16:29:59,1
Fairbanc,38,information technology & services,http://www.fairbanc.app,18-Dec-24,Debt Financing,50000000000,"San Francisco, California, United States",2025-04-15 16:29:59,1
Mojave Energy Systems,40,machinery,http://www.mojavehvac.com,18-Dec-24,Series A,9500000,"Palo Alto, California, United States",2025-04-15 16:29:59,1
Fraction AI,6,information technology & services,http://www.fractionai.xyz,18-Dec-24,Pre-Seed,6000000,"San Francisco, California, United States",2025-04-15 16:29:59,1
Schwarm Technologies Inc.,27,information technology & services,http://www.schwarm.com,17-Dec-24,Undisclosed,3027055,"San Francisco, California, United States",2025-04-15 16:29:59,1
Landbase,45,0,http://www.landbase.com,17-Dec-24,Venture - Series Unknown,12500000,"San Francisco, California, United States",2025-04-15 16:29:59,1
Acre,15,real estate,http://www.acrehomes.com,17-Dec-24,Seed,10000000,"San Francisco, California, United States",2025-04-15 16:29:59,1
Finexio,72,information technology & services,http://www.finexio.com,17-Dec-24,Debt Financing,10000000,"San Mateo, California, United States",2025-04-15 17:01:28,2
Anatomy Financial,20,0,http://www.anatomy.com,17-Dec-24,Series A,19000000,"San Francisco, California, United States",2025-04-15 17:01:28,2
Serverfarm,130,information technology & services,http://www.serverfarmllc.com,17-Dec-24,Debt Financing,1637000000,"El Segundo, California, United States",2025-04-15 17:01:28,2
Flair,19,electrical/electronic manufacturing,http://www.flair.co,17-Dec-24,Venture - Series Unknown,0,"Berkeley, California, United States",2025-04-15 17:01:28,2
Leapfin,30,information technology & services,http://www.leapfin.com,17-Dec-24,Debt Financing,1000000,"San Mateo, California, United States",2025-04-15 17:01:28,2
Parafin,100,financial services,http://www.parafin.com,17-Dec-24,Series C,100000000,"San Francisco, California, United States",2025-04-15 17:01:28,2
Indapta Therapeutics,22,biotechnology,http://www.indapta.com,17-Dec-24,Venture - Series Unknown,22500000,"San Francisco, California, United States",2025-04-15 17:01:28,2
Xcell Biosciences,29,research,http://www.xcellbio.com,17-Dec-24,Undisclosed,1400000,"San Francisco, California, United States",2025-04-15 17:01:28,2
Jiko,84,financial services,http://www.jiko.com,12-Dec-24,Series C,29000000,"San Francisco, California, United States",2025-04-15 17:01:28,2
One,1200,financial services,http://www.one.app,12-Dec-24,Venture - Series Unknown,300000000,"Sacramento, California, United States",2025-04-15 17:01:28,2
Evinced,91,information technology & services,http://www.evinced.com,12-Dec-24,Series C,55000000,"Palo Alto, California, United States",2025-04-15 17:01:28,2
Twelve Labs,81,information technology & services,http://www.twelvelabs.io,12-Dec-24,Venture - Series Unknown,30000000,"San Francisco, California, United States",2025-04-15 17:01:28,2
Terradot,29,environmental services,http://www.terradot.earth,12-Dec-24,Series A,54000000,"Stanford, California, United States",2025-04-15 17:01:28,2
Cartesia,27,information technology & services,http://www.cartesia.ai,12-Dec-24,Venture - Series Unknown,22000000,"San Francisco, California, United States",2025-04-15 17:01:28,2
Vantis Vascular,9,medical devices,http://www.vantisvascular.com,12-Dec-24,Series B,10000000,"San Jose, California, United States",2025-04-15 17:01:28,2
Alessa Therapeutics,13,research,http://www.alessatherapeutics.com,12-Dec-24,Seed,15000000,"San Francisco, California, United States",2025-04-15 17:01:28,2
Gigs,130,0,http://www.gigs.com,12-Dec-24,Series B,73000000,"San Francisco, California, United States",2025-04-15 17:01:28,2
Immi,25,food & beverages,http://www.immieats.com,12-Dec-24,Undisclosed,3000000,"San Francisco, California, United States",2025-04-15 17:01:28,2
Albert Invent,120,information technology & services,http://www.albertinvent.com,11-Dec-24,Series A,22500000,"San Francisco, California, United States",2025-04-15 17:01:28,2
Strategic Venue Partners,24,wireless,http://www.strategicvenue.com,11-Dec-24,Private Equity,0,"Pasadena, California, United States",2025-04-15 17:01:28,2
Parsec Education,35,government administration,http://www.parseceducation.com,11-Dec-24,Series A,8000000,"Fresno, California, United States",2025-04-15 17:33:48,3
Saltmine,120,information technology & services,http://www.saltmine.com,11-Dec-24,Series A,0,"San Francisco, California, United States",2025-04-15 17:33:48,3
NeuBird,15,0,http://www.neubird.ai,11-Dec-24,Seed,22500000,"San Mateo, California, United States",2025-04-15 17:33:48,3
Aimon Labs,6,information technology & services,http://www.aimon.ai,11-Dec-24,Pre-Seed,2300000,"Palo Alto, California, United States",2025-04-15 17:33:48,3
Ayar Labs,170,computer hardware,http://www.ayarlabs.com,11-Dec-24,Series D,155000000,"San Jose, California, United States",2025-04-15 17:33:48,3
Vapi,34,information technology & services,http://www.vapi.ai,11-Dec-24,Series A,20000000,"San Francisco, California, United States",2025-04-15 17:33:48,3
EzDubs,7,information technology & services,http://www.ezdubs.ai,11-Dec-24,Seed,4200000,"San Francisco, California, United States",2025-04-15 17:33:48,3
Capstan Medical,39,medical devices,http://www.capstanmedical.com,11-Dec-24,Series C,110000000,"Santa Cruz, California, United States",2025-04-15 17:33:48,3
Reveal Technology,50,information technology & services,http://www.revealtech.ai,11-Dec-24,Series A,11200000,"San Francisco, California, United States",2025-04-15 17:33:48,3
Tosi,24,food & beverages,http://www.tosi.com,11-Dec-24,Undisclosed,15805308,"Anaheim, California, United States",2025-04-15 17:33:48,3
Azimuth AI,5,semiconductors,http://www.azimuth-ai.com,11-Dec-24,Venture - Series Unknown,11500000,"Folsom, California, United States",2025-04-15 17:33:48,3
Cohesity,2400,information technology & services,http://www.cohesity.com,10-Dec-24,Series H,0,"San Jose, California, United States",2025-04-15 17:33:48,3
Speak,180,e-learning,http://www.speak.com,10-Dec-24,Series C,78000000,"San Francisco, California, United States",2025-04-15 17:33:48,3
Mainframe,5,information technology & services,http://www.mainfra.me,10-Dec-24,Seed,5500000,"San Francisco, California, United States",2025-04-15 17:33:49,3
Gyaan,39,information technology & services,http://www.gyaan.ai,10-Dec-24,Undisclosed,5000000,"San Francisco, California, United States",2025-04-15 17:33:49,3
WeaveGrid,92,information technology & services,http://www.weavegrid.com,10-Dec-24,Venture - Series Unknown,28000000,"San Francisco, California, United States",2025-04-15 17:33:49,3
WindBorne Systems,44,aviation & aerospace,http://www.windbornesystems.com,10-Dec-24,Venture - Series Unknown,5000000,"Stanford, California, United States",2025-04-15 17:33:49,3
Exabits AI,9,0,http://www.exabits.ai,10-Dec-24,Seed,15000000,"San Mateo, California, United States",2025-04-15 17:33:49,3
Gentrace,8,information technology & services,http://www.gentrace.ai,10-Dec-24,Series A,8000000,"San Francisco, California, United States",2025-04-15 17:33:49,3
LambdaTest,530,information technology & services,http://www.lambdatest.com,10-Dec-24,Series D,38000000,"San Francisco, California, United States",2025-04-15 17:33:49,3
Aarvik Therapeutics,10,research,http://www.aarviktx.com,10-Dec-24,Seed,1165000,"Fremont, California, United States",2025-04-15 17:49:09,4
WaveForms AI,0,information technology & services,http://www.waveforms.ai,10-Dec-24,Seed,40000000,"San Francisco, California, United States",2025-04-15 17:49:09,4
Wald.ai,15,,http://www.wald.ai,10-Dec-24,Seed,4000000,"Palo Alto, California, United States",2025-04-15 17:49:09,4
Wildflower Health,63,hospital & health care,http://www.wildflowerhealth.com,10-Dec-24,Undisclosed,17939793,"San Francisco, California, United States",2025-04-15 17:49:09,4
Aampe,23,information technology & services,http://www.aampe.com,10-Dec-24,Series A,18000000,"San Francisco, California, United States",2025-04-15 17:49:09,4
Cala Health,82,medical devices,http://www.calahealth.com,9-Dec-24,Venture - Series Unknown,50000000,"San Mateo, California, United States",2025-04-15 17:49:10,4
Sofar Ocean,110,0,http://www.sofarocean.com,9-Dec-24,Undisclosed,18250002,"San Francisco, California, United States",2025-04-15 17:49:10,4
Friend,10,information technology & services,http://www.friend.com,9-Dec-24,Seed,5400000,"San Francisco, California, United States",2025-04-15 17:49:10,4
Lava,9,information technology & services,http://www.lava.xyz,9-Dec-24,Series A,10000000,"San Francisco, California, United States",2025-04-15 17:49:10,4
MiSalud,27,"health, wellness & fitness",http://www.misalud.ai,9-Dec-24,Series A,8000000,"Palo Alto, California, United States",2025-04-15 17:49:10,4
Lucra Sports,26,information technology & services,http://www.lucrasports.com,5-Dec-24,Venture - Series Unknown,10000000,"Palo Alto, California, United States",2025-04-15 17:49:10,4
Across AI,7,0,http://www.across.ai,5-Dec-24,Seed,5750000,"San Francisco, California, United States",2025-04-15 17:49:10,4
BITKRAFT Ventures,44,venture capital & private equity,http://www.bitkraft.vc,5-Dec-24,Private Equity,0,"San Francisco, California, United States",2025-04-15 17:49:10,4
Nuvig Therapeutics,18,research,http://www.nuvigtherapeutics.com,5-Dec-24,Series B,161000000,"Redwood City, California, United States",2025-04-15 17:49:10,4
FutureSearch,6,0,http://www.futuresearch.ai,5-Dec-24,Undisclosed,5794991,"San Bruno, California, United States",2025-04-15 17:49:10,4
Solana,290,information technology & services,http://www.solana.com,5-Dec-24,Private Equity,1500000,"San Francisco, California, United States",2025-04-15 17:49:10,4
Rubi Laboratories,30,biotechnology,http://www.rubi.earth,5-Dec-24,Grant,969961,"San Francisco, California, United States",2025-04-15 17:49:10,4
East Oakland Youth Development Center,44,nonprofit organization management,http://www.eoydc.org,5-Dec-24,Grant,0,"Oakland, California, United States",2025-04-15 17:49:10,4
Axiado Corporation,70,computer & network security,http://www.axiado.com,4-Dec-24,Series C,60000000,"San Jose, California, United States",2025-04-15 17:49:10,4
Enterpret,39,information technology & services,http://www.enterpret.com,4-Dec-24,Series A,20800000,"San Francisco, California, United States",2025-04-15 17:49:10,4
HappyRobot,12,information technology & services,http://www.happyrobot.ai,4-Dec-24,Series A,15600000,"San Francisco, California, United States",2025-04-15 18:23:12,5
Offcall,0,hospital & health care,http://www.offcall.com,4-Dec-24,Seed,2000000,"San Francisco, California, United States",2025-04-15 18:23:12,5
Etestho,1,information technology & services,http://www.etestho.com,4-Dec-24,Pre-Seed,0,"Mountain View, California, United States",2025-04-15 18:23:12,5
Antheia,60,research,http://www.antheia.bio,3-Dec-24,Grant,12000000,"Menlo Park, California, United States",2025-04-15 18:23:12,5
Aerospike,290,information technology & services,http://www.aerospike.com,3-Dec-24,Venture - Series Unknown,109000000,"Mountain View, California, United States",2025-04-15 18:23:12,5
Yurts Technologies Inc,56,information technology & services,http://www.yurts.ai,3-Dec-24,Series B,40000000,"San Francisco, California, United States",2025-04-15 18:23:12,5
The Tech Interactive,200,museums & institutions,http://www.thetech.org,3-Dec-24,Grant,0,"San Jose, California, United States",2025-04-15 18:23:12,5
Maze Therapeutics,130,research,http://www.mazetx.com,3-Dec-24,Series D,115000000,"South San Francisco, California, United States",2025-04-15 18:23:12,5
MakersHub,6,financial services,http://www.makershub.ai,3-Dec-24,Seed,7000000,"San Francisco, California, United States",2025-04-15 18:23:12,5
Vooma,14,0,http://www.vooma.com,2-Dec-24,Series A,13000000,"San Francisco, California, United States",2025-04-15 18:23:12,5
Lumin Digital,220,information technology & services,http://www.lumindigital.com,2-Dec-24,Private Equity,160000000,"San Ramon, California, United States",2025-04-15 18:23:12,5
Upwind Security,160,computer & network security,http://www.upwind.io,2-Dec-24,Series A,100000000,"San Francisco, California, United States",2025-04-15 18:23:12,5
CSpeed,16,telecommunications,http://www.cspeed.io,2-Dec-24,Undisclosed,28349982,"Palo Alto, California, United States",2025-04-15 18:23:12,5
Cardless,38,0,http://www.cardless.com,26-Nov-24,Venture - Series Unknown,30000000,"San Francisco, California, United States",2025-04-15 18:23:12,5
Sirona Medical,91,information technology & services,http://www.sironamedical.com,26-Nov-24,Series C,42000000,"San Francisco, California, United States",2025-04-15 18:23:12,5
Wherobots Inc.,23,information technology & services,http://www.wherobots.com,26-Nov-24,Series A,21500000,"San Francisco, California, United States",2025-04-15 18:23:12,5
Circleback,4,information technology & services,http://www.circleback.ai,26-Nov-24,Seed,2500000,"San Francisco, California, United States",2025-04-15 18:23:12,5
Mindstate Design Labs,19,biotechnology,http://www.mindstate.design,26-Nov-24,Undisclosed,12698587,"South San Francisco, California, United States",2025-04-15 18:23:12,5
Femtosense,18,semiconductors,http://www.femtosense.ai,26-Nov-24,Debt Financing,4258347,"Palo Alto, California, United States",2025-04-15 18:23:13,5
Play.ht,60,0,http://www.play.ai,25-Nov-24,Seed,21000000,"Palo Alto, California, United States",2025-04-15 18:23:13,5
Tempest DX,10,information technology & services,http://www.tempestdx.com,25-Nov-24,Seed,3200000,"San Francisco, California, United States",2025-04-15 18:40:21,6
Trustero,15,information technology & services,http://www.trustero.com,21-Nov-24,Series A,10350000,"Palo Alto, California, United States",2025-04-15 18:40:21,6
Epic Cleantec,21,environmental services,http://www.epiccleantec.com,21-Nov-24,Series B,12000000,"San Francisco, California, United States",2025-04-15 18:40:21,6
VISO TRUST,39,computer & network security,http://www.visotrust.com,21-Nov-24,Venture - Series Unknown,7000000,"San Francisco, California, United States",2025-04-15 18:40:21,6
Aviz Networks,80,computer networking,http://www.aviznetworks.com,21-Nov-24,Series A,17000000,"San Jose, California, United States",2025-04-15 18:40:21,6
Arcade,57,information technology & services,http://www.arcade.software,21-Nov-24,Series A,14000000,"San Francisco, California, United States",2025-04-15 18:40:21,6
Anomalo,77,information technology & services,http://www.anomalo.com,21-Nov-24,Series B,10000000,"Palo Alto, California, United States",2025-04-15 18:40:21,6
Teleo,58,machinery,http://www.teleo.ai,21-Nov-24,Series A,7000000,"Palo Alto, California, United States",2025-04-15 18:40:21,6
Wordware,19,0,http://www.wordware.ai,21-Nov-24,Seed,30000000,"San Francisco, California, United States",2025-04-15 18:40:21,6
Aira Technologies,25,wireless,http://www.aira-technology.com,20-Nov-24,Series B,14500000,"Saratoga, California, United States",2025-04-15 18:40:21,6
Generate Capital,320,financial services,http://www.generatecapital.com,20-Nov-24,Debt Financing,1200000000,"San Francisco, California, United States",2025-04-15 18:40:21,6
Rox,27,information technology & services,http://www.rox.com,20-Nov-24,Series A,50000000,"San Francisco, California, United States",2025-04-15 18:40:21,6
Aethero,4,defense & space,http://www.aethero.com,20-Nov-24,Angel,0,"San Francisco, California, United States",2025-04-15 18:40:21,6
Federato,67,insurance,http://www.federato.ai,20-Nov-24,Series C,40000000,"Palo Alto, California, United States",2025-04-15 18:40:21,6
Distru,47,information technology & services,http://www.distru.com,20-Nov-24,Series A,6000000,"Oakland, California, United States",2025-04-15 18:40:21,6
THEO AI,5,legal services,http://www.theoai.ai,20-Nov-24,Pre-Seed,2200000,"Palo Alto, California, United States",2025-04-15 18:40:21,6
Shinami,8,information technology & services,http://www.shinami.com,20-Nov-24,Seed,5650000,"San Francisco, California, United States",2025-04-15 18:40:21,6
PostSig,6,information technology & services,http://www.postsig.com,20-Nov-24,Pre-Seed,1200000,"San Francisco, California, United States",2025-04-15 18:40:21,6
Flywheel Dynamix,0,internet,http://www.flywl.com,20-Nov-24,Seed,7000000,"San Francisco, California, United States",2025-04-15 18:40:21,6
New Lantern,6,information technology & services,http://www.newlantern.ai,20-Nov-24,Series A,19000000,"San Francisco, California, United States",2025-04-15 18:40:21,6
Certinia,840,information technology & services,http://www.certinia.com,19-Nov-24,Private Equity,0,"San Jose, California, United States",2025-04-15 18:43:42,7
Kong,660,information technology & services,http://www.konghq.com,19-Nov-24,Series E,175000000,"San Francisco, California, United States",2025-04-15 18:43:42,7
Kintsugi AI,55,0,http://www.trykintsugi.com,19-Nov-24,Series A,4000000,"San Francisco, California, United States",2025-04-15 18:43:42,7
StoreCash,8,banking,http://www.storecashapp.com,19-Nov-24,Seed,3700000,"San Jose, California, United States",2025-04-15 18:43:42,7
Spectro Cloud,200,information technology & services,http://www.spectrocloud.com,19-Nov-24,Series C,75000000,"San Jose, California, United States",2025-04-15 18:43:42,7
BrightAI,54,information technology & services,http://www.bright.ai,19-Nov-24,Seed,15000000,"San Francisco, California, United States",2025-04-15 18:43:42,7
Open Source Wellness,26,"health, wellness & fitness",http://www.opensourcewellness.org,19-Nov-24,Grant,0,"Oakland, California, United States",2025-04-15 18:43:42,7
Neo4j,930,information technology & services,http://www.neo4j.com,19-Nov-24,Venture - Series Unknown,50000000,"San Mateo, California, United States",2025-04-15 18:43:42,7
Rain AI,78,computer hardware,http://www.rain.ai,19-Nov-24,Undisclosed,150000000,"Redwood City, California, United States",2025-04-15 18:43:42,7
JustPaid,14,0,http://www.justpaid.ai,19-Nov-24,Seed,3500000,"Mountain View, California, United States",2025-04-15 18:43:42,7
Cresta,300,information technology & services,http://www.cresta.com,19-Nov-24,Series D,125000000,"Palo Alto, California, United States",2025-04-15 18:43:42,7
Enfabrica,130,computer networking,http://www.enfabrica.net,19-Nov-24,Series C,115000000,"Mountain View, California, United States",2025-04-15 18:43:42,7
ANAFLASH,20,information services,http://www.anaflash.com,19-Nov-24,Series A,0,"Sunnyvale, California, United States",2025-04-15 18:43:42,7
Open Philanthropy,160,fund-raising,http://www.openphilanthropy.org,18-Nov-24,Grant,0,"San Francisco, California, United States",2025-04-15 18:43:42,7
California University of Science and Medicine,280,higher education,http://www.cusm.edu,18-Nov-24,Grant,0,"San Bernardino, California, United States",2025-04-15 18:43:42,7
Zenflow,27,medical devices,http://www.zenflow.com,18-Nov-24,Series C,24000000,"South San Francisco, California, United States",2025-04-15 18:43:42,7
Radiant,150,oil & energy,http://www.radiantnuclear.com,14-Nov-24,Series C,100000000,"El Segundo, California, United States",2025-04-15 18:43:42,7
Athina AI,11,0,http://www.athina.ai,14-Nov-24,Seed,250000000,"San Francisco, California, United States",2025-04-15 18:43:42,7
Team-GPT,19,information technology & services,http://www.team-gpt.com,14-Nov-24,Seed,4500000,"San Francisco, California, United States",2025-04-15 18:43:42,7
Falkonry,39,information technology & services,http://www.falkonry.com,14-Nov-24,Undisclosed,3387133,"Cupertino, California, United States",2025-04-15 18:43:42,7
Leland,160,professional training & coaching,http://www.joinleland.com,13-Nov-24,Series A,12000000,"Stanford, California, United States",2025-04-15 18:45:28,8
TRex Bio,53,research,http://www.trex.bio,13-Nov-24,Series B,84000000,"South San Francisco, California, United States",2025-04-15 18:45:28,8
Medeloop,30,information technology & services,http://www.medeloop.ai,13-Nov-24,Series A,15500000,"Menlo Park, California, United States",2025-04-15 18:45:28,8
OneSkin,40,research,http://www.oneskin.co,13-Nov-24,Series A,6999929,"San Francisco, California, United States",2025-04-15 18:45:28,8
The WiTT Group,8,hospital & health care,http://www.wittforever.com,13-Nov-24,Seed,0,"Menlo Park, California, United States",2025-04-15 18:45:28,8
Riot,97,computer & network security,http://www.tryriot.com,13-Nov-24,Undisclosed,27597597,"San Francisco, California, United States",2025-04-15 18:45:28,8
Writer,1300,information technology & services,http://www.writer.com,12-Nov-24,Series C,200000000,"San Francisco, California, United States",2025-04-15 18:45:28,8
Trace Neuroscience,3,research,http://www.traceneuro.com,12-Nov-24,Series A,101000000,"South San Francisco, California, United States",2025-04-15 18:45:28,8
Fastino,0,research,http://www.fastino.ai,12-Nov-24,Pre-Seed,7000000,"Palo Alto, California, United States",2025-04-15 18:45:28,8
Shiru,28,research,http://www.shiru.com,12-Nov-24,Series B,16000000,"Oakland, California, United States",2025-04-15 18:45:28,8
Outbuild,50,information technology & services,http://www.outbuild.com,12-Nov-24,Series A,11000000,"San Francisco, California, United States",2025-04-15 18:45:28,8
Anthrogen,4,research,http://www.anthrogen.com,12-Nov-24,Seed,4000000,"San Francisco, California, United States",2025-04-15 18:45:28,8
Connecty AI,2,0,http://www.connectyai.com,11-Nov-24,Pre-Seed,1800000,"San Francisco, California, United States",2025-04-15 18:45:28,8
AirGarage,50,information technology & services,http://www.airgarage.com,8-Nov-24,Undisclosed,11428497,"San Francisco, California, United States",2025-04-15 18:45:28,8
Fractional,32,financial services,http://www.fractional.app,7-Nov-24,Series A,15000000,"San Francisco, California, United States",2025-04-15 18:45:28,8
Orbital Sidekick,30,information services,http://www.orbitalsidekick.com,7-Nov-24,Venture - Series Unknown,8626740,"San Francisco, California, United States",2025-04-15 18:45:28,8
Corgea,4,information technology & services,http://www.corgea.com,6-Nov-24,Seed,2600000,"San Francisco, California, United States",2025-04-15 18:45:29,8
OptraScan,36,medical devices,http://www.optrascan.com,6-Nov-24,Series B,30000000,"San Jose, California, United States",2025-04-15 18:45:29,8
Workhelix,17,0,http://www.workhelix.com,5-Nov-24,Undisclosed,15324979,"Palo Alto, California, United States",2025-04-15 18:45:29,8
PrognomiQ,57,research,http://www.prognomiq.com,5-Nov-24,Series D,34000000,"San Mateo, California, United States",2025-04-15 18:45:29,8
Carvis.AI,2,0,http://www.carvis.ai,4-Nov-24,Pre-Seed,1200000,"San Francisco, California, United States",2025-04-15 18:47:18,9
Inquis Medical,39,medical devices,http://www.inquismedical.com,4-Nov-24,Series B,40000000,"Redwood City, California, United States",2025-04-15 18:47:18,9
Augment Code,77,information technology & services,http://www.augmentcode.com,4-Nov-24,Venture - Series Unknown,227000000,"Palo Alto, California, United States",2025-04-15 18:47:18,9
Primergy Solar,98,semiconductors,http://www.primergysolar.com,4-Nov-24,Debt Financing,225000000,"Oakland, California, United States",2025-04-15 18:47:18,9
Advex AI,5,information technology & services,http://www.advex.ai,4-Nov-24,Seed,3500000,"San Francisco, California, United States",2025-04-15 18:47:18,9
The Nursing Beat,33,telecommunications,http://www.thenursingbeat.com,4-Nov-24,Seed,0,"San Francisco, California, United States",2025-04-15 18:47:18,9
Cornerstone AI,15,hospital & health care,http://www.cornerstone.ai,31-Oct-24,Seed,5000000,"San Mateo, California, United States",2025-04-15 18:47:18,9
Spot AI,140,information technology & services,http://www.spot.ai,31-Oct-24,Series B,31000000,"San Francisco, California, United States",2025-04-15 18:47:18,9
Buddy.ai,32,e-learning,http://www.buddy.ai,31-Oct-24,Seed,10200000,"Mountain View, California, United States",2025-04-15 18:47:18,9
Evommune,51,research,http://www.evommune.com,31-Oct-24,Series C,115000000,"Palo Alto, California, United States",2025-04-15 18:47:18,9
Bugcrowd,2900,computer & network security,http://www.bugcrowd.com,31-Oct-24,Debt Financing,50000000,"San Francisco, California, United States",2025-04-15 18:47:18,9
Decart,3,0,http://www.decart.ai,31-Oct-24,Seed,21000000,"San Francisco, California, United States",2025-04-15 18:47:18,9
Birch Creek Development,57,renewables & environment,http://www.birchcreekdev.com,31-Oct-24,Debt Financing,150000000,"El Segundo, California, United States",2025-04-15 18:47:18,9
Shadowbox,30,information technology & services,http://www.shadowbox.com,31-Oct-24,Series A,2000000,"Encinitas, California, United States",2025-04-15 18:47:18,9
Delos Insurance,26,insurance,http://www.getdelos.com,31-Oct-24,Series A,9000000,"San Francisco, California, United States",2025-04-15 18:47:18,9
Bifrost AI,36,information technology & services,http://www.bifrost.ai,30-Oct-24,Series A,8000000,"San Francisco, California, United States",2025-04-15 18:47:18,9
Third Wave Automation,57,information technology & services,http://www.thirdwave.ai,30-Oct-24,Series C,27000000,"Union City, California, United States",2025-04-15 18:47:18,9
Sapien,0,financial services,http://www.getsapien.com,29-Oct-24,Seed,8700000,"San Francisco, California, United States",2025-04-15 18:47:18,9
HomeBoost,7,consumer services,http://www.homeboost.com,29-Oct-24,Seed,4000000,"San Francisco, California, United States",2025-04-15 18:47:18,9
LifeSaver Mobile,19,online media,http://www.lifesaver-app.com,29-Oct-24,Seed,0,"San Jose, California, United States",2025-04-15 18:47:18,9
CredibleMind,29,mental health care,http://www.crediblemind.com,29-Oct-24,Series A,7500000,"Sausalito, California, United States",2025-04-15 18:49:50,10
Opus Guard,4,0,http://www.opusguard.com,29-Oct-24,Pre-Seed,0,"San Francisco, California, United States",2025-04-15 18:49:50,10
GMI Cloud,36,information technology & services,http://www.gmicloud.ai,29-Oct-24,Debt Financing,67000000,"San Jose, California, United States",2025-04-15 18:49:50,10
Browserbase,20,0,http://www.browserbase.com,29-Oct-24,Series A,21000000,"San Francisco, California, United States",2025-04-15 18:49:50,10
Armis Security,900,computer & network security,http://www.armis.com,28-Oct-24,Series D,200000000,"San Francisco, California, United States",2025-04-15 18:49:50,10
Kivu Bioscience,1,research,http://www.kivubioscience.com,28-Oct-24,Series A,92000000,"San Francisco, California, United States",2025-04-15 18:49:51,10
Sierra,130,information technology & services,http://www.sierra.ai,28-Oct-24,Venture - Series Unknown,175000000,"San Francisco, California, United States",2025-04-15 18:49:51,10
Fondo,77,0,http://www.tryfondo.com,28-Oct-24,Seed,7000000,"San Francisco, California, United States",2025-04-15 18:49:51,10
Abstract Security,31,computer & network security,http://www.abstract.security,28-Oct-24,Series A,15000000,"San Francisco, California, United States",2025-04-15 18:49:51,10
Revyl,5,information technology & services,http://www.revyl.ai,28-Oct-24,Pre-Seed,1100000,"San Francisco, California, United States",2025-04-15 18:49:51,10
Pharos,3,hospital & health care,http://www.pharos.health,25-Oct-24,Seed,5000000,"San Francisco, California, United States",2025-04-15 18:49:51,10
Connect The Dots,110,0,http://www.ctd.ai,24-Oct-24,Venture - Series Unknown,0,"San Francisco, California, United States",2025-04-15 18:49:51,10
Sociaaal,7,computer games,http://www.sociaaal.com,24-Oct-24,Debt Financing,4000000,"Sausalito, California, United States",2025-04-15 18:49:51,10
AnyLog,14,0,http://www.anylog.co,24-Oct-24,Venture - Series Unknown,3789997,"Palo Alto, California, United States",2025-04-15 18:49:51,10
Concentric AI,89,information technology & services,http://www.concentric.ai,24-Oct-24,Series B,45000000,"San Jose, California, United States",2025-04-15 18:49:51,10
PayToMe.co,2,financial services,http://www.paytome.co,24-Oct-24,Seed,0,"Palo Alto, California, United States",2025-04-15 18:49:51,10
Finix,240,financial services,http://www.finix.com,24-Oct-24,Series C,75000000,"San Francisco, California, United States",2025-04-15 18:49:51,10
Simbe Robotics,55,retail,http://www.simberobotics.com,24-Oct-24,Series C,50000000,"San Francisco, California, United States",2025-04-15 18:49:51,10
Oloid,65,information technology & services,http://www.oloid.ai,24-Oct-24,Series A,6000000,"Sunnyvale, California, United States",2025-04-15 18:49:51,10
Nimble Robotics,180,0,http://www.nimble.ai,23-Oct-24,Series C,106000000,"San Francisco, California, United States",2025-04-15 18:49:51,10
Archy,35,information technology & services,http://www.archy.com,23-Oct-24,Series A,15000000,"San Jose, California, United States",2025-04-15 18:58:20,11
Infinitus Systems,190,information technology & services,http://www.infinitus.ai,23-Oct-24,Series C,51500000,"San Francisco, California, United States",2025-04-15 18:58:20,11
Courie,8,information technology & services,http://www.courie.ai,23-Oct-24,Seed,3825000,"Palo Alto, California, United States",2025-04-15 18:58:20,11
Anthro Energy,43,electrical/electronic manufacturing,http://www.anthroenergy.com,23-Oct-24,Grant,24900000,"San Jose, California, United States",2025-04-15 18:58:20,11
LAWFTY,45,legal services,http://www.lawfty.com,23-Oct-24,Debt Financing,40000000,"San Francisco, California, United States",2025-04-15 18:58:20,11
BodySpec,43,"health, wellness & fitness",http://www.bodyspec.com,22-Oct-24,Venture - Series Unknown,3999998,"Culver City, California, United States",2025-04-15 18:58:20,11
Nooks,160,information technology & services,http://www.nooks.ai,22-Oct-24,Series B,43000000,"San Francisco, California, United States",2025-04-15 18:58:20,11
CrewAI,10,information technology & services,http://www.crewai.com,22-Oct-24,Series A,12000000,"San Francisco, California, United States",2025-04-15 18:58:20,11
Qpoint,14,0,http://www.qpoint.io,22-Oct-24,Pre-Seed,4000000,"Oakland, California, United States",2025-04-15 18:58:20,11
Globality,140,information technology & services,http://www.globality.com,22-Oct-24,Venture - Series Unknown,47000000,"Palo Alto, California, United States",2025-04-15 18:58:20,11
Socket,34,computer & network security,http://www.socket.dev,22-Oct-24,Series B,40000000,"Stanford, California, United States",2025-04-15 18:58:20,11
Mainspring Energy,440,0,http://www.mainspringenergy.com,22-Oct-24,Grant,87000000,"Menlo Park, California, United States",2025-04-15 18:58:20,11
interface.ai,210,information technology & services,http://www.interface.ai,22-Oct-24,Series A,20000000,"San Francisco, California, United States",2025-04-15 18:58:20,11
Trellis Bioscience,18,research,http://www.trellisbio.com,22-Oct-24,Venture - Series Unknown,0,"San Francisco, California, United States",2025-04-15 18:58:20,11
Revelation Partners,21,venture capital & private equity,http://www.revelation-partners.com,22-Oct-24,Venture - Series Unknown,0,"San Francisco, California, United States",2025-04-15 18:58:20,11
Genmo,8,research,http://www.genmo.ai,22-Oct-24,Series A,28400000,"San Francisco, California, United States",2025-04-15 18:58:20,11
ItsWare,1,0,http://www.itsware.com,22-Oct-24,Seed,856464,"Palo Alto, California, United States",2025-04-15 18:58:20,11
Avenue Biosciences,11,research,http://www.avenuebiosciences.com,22-Oct-24,Seed,2500000,"Palo Alto, California, United States",2025-04-15 18:58:20,11
Zip,600,information technology & services,http://www.ziphq.com,21-Oct-24,Series D,190000000,"San Francisco, California, United States",2025-04-15 18:58:20,11
HealthEx,16,hospital & health care,http://www.healthex.io,21-Oct-24,Series A,14000000,"San Francisco, California, United States",2025-04-15 18:58:20,11
Uprise,15,financial services,http://www.uprise.us,21-Oct-24,Seed,3300000,"San Francisco, California, United States",2025-04-15 19:15:03,12
Voxela,9,0,http://www.voxela.ai,21-Oct-24,Seed,0,"San Francisco, California, United States",2025-04-15 19:15:04,12
Kick,29,0,http://www.kick.co,17-Oct-24,Seed,9000000,"Palo Alto, California, United States",2025-04-15 19:15:04,12
AN2 Therapeutics,38,research,http://www.an2therapeutics.com,17-Oct-24,Grant,0,"Menlo Park, California, United States",2025-04-15 19:15:04,12
Terray Therapeutics,120,research,http://www.terraytx.com,17-Oct-24,Series B,120000000,"Pasadena, California, United States",2025-04-15 19:15:04,12
Abel Police,1,public safety,http://www.abelpolice.com,17-Oct-24,Seed,5000000,"San Francisco, California, United States",2025-04-15 19:15:04,12
Edgee,5,0,http://www.edgee.cloud,17-Oct-24,Pre-Seed,2900000,"San Francisco, California, United States",2025-04-15 19:15:04,12
GetSetUp,71,"health, wellness & fitness",http://www.getsetup.com,16-Oct-24,Grant,50000,"San Francisco, California, United States",2025-04-15 19:15:04,12
Samay,130,hospital & health care,http://www.samayhealth.com,16-Oct-24,Grant,350000,"Mountain View, California, United States",2025-04-15 19:15:04,12
Kiavi,420,financial services,http://www.kiavi.com,16-Oct-24,Debt Financing,400000000,"San Francisco, California, United States",2025-04-15 19:15:04,12
Tako,11,information technology & services,http://www.trytako.com,16-Oct-24,Seed,5750000,"San Francisco, California, United States",2025-04-15 19:15:04,12
Lightmatter,200,computer hardware,http://www.lightmatter.co,16-Oct-24,Series D,400000000,"Mountain View, California, United States",2025-04-15 19:15:04,12
Agtonomy,45,machinery,http://www.agtonomy.com,16-Oct-24,Series A,10000000,"San Francisco, California, United States",2025-04-15 19:15:04,12
"PyrAmes, Inc.",13,medical devices,http://www.pyrameshealth.com,15-Oct-24,Grant,50000,"Cupertino, California, United States",2025-04-15 19:15:04,12
Alchemy,14,0,http://www.alchemyhealth.com,15-Oct-24,Seed,31000000,"San Francisco, California, United States",2025-04-15 19:15:04,12
MDisrupt,49,hospital & health care,http://www.mdisrupt.com,15-Oct-24,Venture - Series Unknown,1000000,"San Jose, California, United States",2025-04-15 19:15:04,12
Galileo,73,information technology & services,http://www.galileo.ai,15-Oct-24,Series B,45000000,"San Francisco, California, United States",2025-04-15 19:15:04,12
Azra Games,81,computer games,http://www.azragames.com,15-Oct-24,Series A,42700000,"Sacramento, California, United States",2025-04-15 19:15:04,12
Chargie,57,automotive,http://www.chargie.com,15-Oct-24,Grant,9300000,"Culver City, California, United States",2025-04-15 19:15:04,12
Decagon,27,information technology & services,http://www.decagon.ai,15-Oct-24,Series B,65000000,"San Francisco, California, United States",2025-04-15 19:15:04,12
Concourse,0,information technology & services,http://www.concourse.co,15-Oct-24,Seed,4700000,"San Francisco, California, United States",2025-04-15 19:16:06,13
Stockguard,9,insurance,http://www.stockguard.io,15-Oct-24,Venture - Series Unknown,5999999,"San Francisco, California, United States",2025-04-15 19:16:06,13
Neuron7.ai,60,information technology & services,http://www.neuron7.ai,15-Oct-24,Series B,44000000,"San Jose, California, United States",2025-04-15 19:16:06,13
Parakeet Health,10,information technology & services,http://www.parakeethealth.com,15-Oct-24,Seed,3000000,"San Francisco, California, United States",2025-04-15 19:16:06,13
Dryvebox,37,sports,http://www.dryvebox.com,14-Oct-24,Seed,0,"San Francisco, California, United States",2025-04-15 19:16:06,13
Blockcast,3,telecommunications,http://www.blockcast.net,14-Oct-24,Seed,2850000,"Berkeley, California, United States",2025-04-15 19:16:06,13
Cavecrack,3,information technology & services,http://www.cavecrack.com,13-Oct-24,Pre-Seed,0,"Palo Alto, California, United States",2025-04-15 19:16:06,13
Cerebelly,32,food & beverages,http://www.cerebelly.com,10-Oct-24,Venture - Series Unknown,3000000,"Los Gatos, California, United States",2025-04-15 19:16:06,13
Suki,230,information technology & services,http://www.suki.ai,10-Oct-24,Series D,70000000,"Redwood City, California, United States",2025-04-15 19:16:06,13
CytoVale,130,research,http://www.cytovale.com,10-Oct-24,Series D,100000000,"San Francisco, California, United States",2025-04-15 19:16:06,13
Zeal,43,information technology & services,http://www.zeal.com,10-Oct-24,Series B,15000000,"San Francisco, California, United States",2025-04-15 19:16:06,13
Vidoc Security Lab,7,information technology & services,http://www.vidocsecurity.com,10-Oct-24,Seed,0,"San Francisco, California, United States",2025-04-15 19:16:06,13
Relyance AI,64,information technology & services,http://www.relyance.ai,10-Oct-24,Series B,32000000,"San Francisco, California, United States",2025-04-15 19:16:06,13
Numeric,37,information technology & services,http://www.numeric.io,10-Oct-24,Series A,28000000,"San Francisco, California, United States",2025-04-15 19:16:06,13
COVU,51,insurance,http://www.covu.com,10-Oct-24,Series A,12500000,"Redwood City, California, United States",2025-04-15 19:16:06,13
ApertureData,10,information technology & services,http://www.aperturedata.io,10-Oct-24,Seed,5250000,"Los Gatos, California, United States",2025-04-15 19:16:06,13
MiLaboratories,17,research,http://www.milaboratories.com,10-Oct-24,Series A,10000000,"Sunnyvale, California, United States",2025-04-15 19:16:06,13
Glooko,250,information technology & services,http://www.glooko.com,10-Oct-24,Series F,100000000,"Mountain View, California, United States",2025-04-15 19:16:06,13
IncumbentFI,4,financial services,http://www.incumbentfi.com,10-Oct-24,Venture - Series Unknown,5639687,"San Francisco, California, United States",2025-04-15 19:16:06,13
Prophecy.io,140,information technology & services,http://www.prophecy.io,10-Oct-24,Venture - Series Unknown,38799983,"Palo Alto, California, United States",2025-04-15 19:16:06,13
Sidepit,3,financial services,http://www.sidepit.com,10-Oct-24,Pre-Seed,0,"Berkeley, California, United States",2025-04-15 19:17:30,14
Astrix Health,0,hospital & health care,http://www.astrix.health,10-Oct-24,Pre-Seed,500000,"San Francisco, California, United States",2025-04-15 19:17:30,14
CEQAbase,2,0,http://www.ceqabase.com,9-Oct-24,Pre-Seed,200000,"San Francisco, California, United States",2025-04-15 19:17:30,14
SimX,66,hospital & health care,http://www.simxvr.com,9-Oct-24,Grant,1250000,"Mountain View, California, United States",2025-04-15 19:17:30,14
Bigeye,56,information technology & services,http://www.bigeye.com,9-Oct-24,Venture - Series Unknown,5000000,"San Francisco, California, United States",2025-04-15 19:17:30,14
Drawer AI,24,information technology & services,http://www.drawer.ai,9-Oct-24,Seed,5000000,"Palo Alto, California, United States",2025-04-15 19:17:30,14
Vultron,17,information technology & services,http://www.vultron.ai,9-Oct-24,Seed,4850000,"San Francisco, California, United States",2025-04-15 19:17:30,14
AppShip,2,0,http://www.app-ship.com,9-Oct-24,Pre-Seed,200000,"San Francisco, California, United States",2025-04-15 19:17:30,14
EvenUp,390,0,http://www.evenuplaw.com,8-Oct-24,Series D,135000000,"San Francisco, California, United States",2025-04-15 19:17:30,14
Tele911,19,public safety,http://www.tele911.com,8-Oct-24,Seed,6756624,"Pasadena, California, United States",2025-04-15 19:17:30,14
Kiva AI,9,information technology & services,http://www.kivaai.com,8-Oct-24,Seed,7000000,"San Francisco, California, United States",2025-04-15 19:17:30,14
Selonterra,3,research,http://www.selonterra.com,8-Oct-24,Grant,2500000,"San Mateo, California, United States",2025-04-15 19:17:30,14
Unify,25,information technology & services,http://www.unifygtm.com,8-Oct-24,Series A,12000000,"San Francisco, California, United States",2025-04-15 19:17:30,14
Third Dimension AI,0,information technology & services,http://www.thirddimension.ai,8-Oct-24,Seed,7000000,"San Francisco, California, United States",2025-04-15 19:17:30,14
Distributional,17,information technology & services,http://www.distributional.com,8-Oct-24,Series A,19000000,"Berkeley, California, United States",2025-04-15 19:17:30,14
Truthset,14,information services,http://www.truthset.io,8-Oct-24,Series A,5000000,"San Francisco, California, United States",2025-04-15 19:17:30,14
Stream,31,insurance,http://www.stream.claims,8-Oct-24,Seed,5300000,"San Francisco, California, United States",2025-04-15 19:17:30,14
InterVene,15,medical devices,http://www.intervene-med.com,7-Oct-24,Series A,13000000,"South San Francisco, California, United States",2025-04-15 19:17:30,14
Treya Partners,20,management consulting,http://www.treyapartners.com,7-Oct-24,Private Equity,0,"San Francisco, California, United States",2025-04-15 19:17:30,14
VESSL AI,33,information technology & services,http://www.vessl.ai,7-Oct-24,Series A,12200000,"San Mateo, California, United States",2025-04-15 19:17:30,14
IOMETE,22,information technology & services,http://www.iomete.com,7-Oct-24,Seed,0,"Mountain View, California, United States",2025-04-15 19:41:09,15
Kavia AI,3,0,http://www.kavia.ai,3-Oct-24,Pre-Seed,1000000,"San Francisco, California, United States",2025-04-15 19:41:09,15
OpenAI,3800,research,http://www.openai.com,3-Oct-24,Debt Financing,4000000000,"San Francisco, California, United States",2025-04-15 19:41:09,15
Paren,7,information technology & services,http://www.paren.app,3-Oct-24,Seed,3000000,"San Francisco, California, United States",2025-04-15 19:41:09,15
Integrated Biosciences,6,research,http://www.integratedbiosciences.com,3-Oct-24,Seed,17200000,"Redwood City, California, United States",2025-04-15 19:41:09,15
Booksy,630,information technology & services,http://www.booksy.com,3-Oct-24,Venture - Series Unknown,0,"San Francisco, California, United States",2025-04-15 19:41:09,15
Voyage AI,9,0,http://www.voyageai.com,3-Oct-24,Series A,20000000,"Palo Alto, California, United States",2025-04-15 19:41:09,15
Valdera,29,information technology & services,http://www.valdera.com,3-Oct-24,Series A,15000000,"San Francisco, California, United States",2025-04-15 19:41:09,15
Visolis,18,chemicals,http://www.visolisbio.com,3-Oct-24,Grant,2250000,"Hayward, California, United States",2025-04-15 19:41:09,15
GuRu,20,electrical/electronic manufacturing,http://www.guru.inc,2-Oct-24,Grant,0,"Pasadena, California, United States",2025-04-15 19:41:09,15
Permanent,23,farming,http://www.permanent.ag,2-Oct-24,Seed,3700000,"San Francisco, California, United States",2025-04-15 19:41:09,15
Poolside,75,information technology & services,http://www.poolside.ai,2-Oct-24,Series B,500000000,"San Francisco, California, United States",2025-04-15 19:41:09,15
Pallet,80,computer software,http://www.trypallet.com,2-Oct-24,Series A,18000000,"San Francisco, California, United States",2025-04-15 19:41:09,15
Billables AI,5,information technology & services,http://www.billables.ai,2-Oct-24,Seed,3900000,"San Francisco, California, United States",2025-04-15 19:41:09,15
Reducto,4,information technology & services,http://www.reducto.ai,2-Oct-24,Seed,8400000,"San Francisco, California, United States",2025-04-15 19:41:09,15
Arda Therapeutics,10,research,http://www.ardatx.com,1-Oct-24,Venture - Series Unknown,43303366,"San Francisco, California, United States",2025-04-15 19:41:09,15
Aspect Build,11,information technology & services,http://www.aspect.build,1-Oct-24,Seed,3000000,"San Francisco, California, United States",2025-04-15 19:41:09,15
Synedgen,18,research,http://www.synedgen.com,1-Oct-24,Debt Financing,1750000,"Claremont, California, United States",2025-04-15 19:41:09,15
DataPelago,61,information technology & services,http://www.datapelago.io,1-Oct-24,Venture - Series Unknown,47000000,"Sunnyvale, California, United States",2025-04-15 19:41:09,15
Neeve,0,information technology & services,http://www.neeve.ai,30-Sep-24,Series A,15000000,"San Francisco, California, United States",2025-04-15 19:41:09,15
Artisan AI,280,information technology & services,http://www.artisan.co,30-Sep-24,Seed,11500000,"San Francisco, California, United States",2025-04-15 19:43:13,16
Gladly,230,information technology & services,http://www.gladly.com,26-Sep-24,Venture - Series Unknown,40000000,"San Francisco, California, United States",2025-04-15 19:43:13,16
PlayWorks,680,nonprofit organization management,http://www.playworks.org,26-Sep-24,Grant,25000,"Oakland, California, United States",2025-04-15 19:43:13,16
Bemi,3,0,http://www.bemi.io,26-Sep-24,Pre-Seed,309000,"San Francisco, California, United States",2025-04-15 19:43:13,16
Superb AI,57,information technology & services,http://www.superb-ai.com,26-Sep-24,Series C,10200000,"San Mateo, California, United States",2025-04-15 19:43:13,16
SKY Leasing,42,airlines/aviation,http://www.skyleasing.com,26-Sep-24,Debt Financing,569540000,"San Francisco, California, United States",2025-04-15 19:43:13,16
AssetHub,1,computer games,http://www.assethub.io,25-Sep-24,Pre-Seed,100000000,"San Francisco, California, United States",2025-04-15 19:43:14,16
Feno,6,0,http://www.feno.co,25-Sep-24,Seed,6000000,"Culver City, California, United States",2025-04-15 19:43:14,16
Supabase,110,information technology & services,http://www.supabase.com,25-Sep-24,Series C,80000000,"San Francisco, California, United States",2025-04-15 19:43:14,16
Whatfix,1200,information technology & services,http://www.whatfix.com,25-Sep-24,Series E,125000000,"San Jose, California, United States",2025-04-15 19:43:14,16
SnippetSentry,17,information technology & services,http://www.snippetsentry.com,25-Sep-24,Venture - Series Unknown,500000,"San Ramon, California, United States",2025-04-15 19:43:14,16
FluidLogic,43,"health, wellness & fitness",http://www.fluidlogic.com,24-Sep-24,Series A,15000000,"El Segundo, California, United States",2025-04-15 19:43:14,16
Distyl AI,27,information technology & services,http://www.distyl.ai,24-Sep-24,Series A,20000000,"San Francisco, California, United States",2025-04-15 19:43:14,16
Icon Savings Plan,31,financial services,http://www.iconsavingsplan.com,24-Sep-24,Seed,9200000,"San Francisco, California, United States",2025-04-15 19:43:14,16
UJET,290,information technology & services,http://www.ujet.cx,24-Sep-24,Series D,76000000,"San Francisco, California, United States",2025-04-15 19:43:14,16
Anadro,2,renewables & environment,http://www.anadro.com,24-Sep-24,Seed,2516495,"San Francisco, California, United States",2025-04-15 19:43:14,16
Atlys,190,information technology & services,http://www.atlys.com,24-Sep-24,Series B,20000000,"San Francisco, California, United States",2025-04-15 19:43:14,16
Datapad,4,information technology & services,http://www.datapad.io,24-Sep-24,Seed,0,"San Francisco, California, United States",2025-04-15 19:43:14,16
Altimate AI,14,information technology & services,http://www.altimate.ai,23-Sep-24,Seed,0,"Sunnyvale, California, United States",2025-04-15 19:43:14,16
Harmonic,5,information technology & services,http://www.harmonic.fun,23-Sep-24,Series A,75000000,"Palo Alto, California, United States",2025-04-15 19:43:14,16
Genome Medical,140,medical practice,http://www.genomemedical.com,23-Sep-24,Venture - Series Unknown,75344304,"South San Francisco, California, United States",2025-04-15 20:00:53,17
Hippocratic AI,77,hospital & health care,http://www.hippocraticai.com,19-Sep-24,Venture - Series Unknown,53000000,"Palo Alto, California, United States",2025-04-15 20:00:53,17
Akia,48,information technology & services,http://www.akia.com,19-Sep-24,Venture - Series Unknown,4999998,"San Francisco, California, United States",2025-04-15 20:00:53,17
Ferrum Health,34,hospital & health care,http://www.ferrumhealth.com,19-Sep-24,Series A,16000000,"San Francisco, California, United States",2025-04-15 20:00:53,17
Twelve,370,0,http://www.twelve.co,19-Sep-24,Undisclosed,400000000,"Berkeley, California, United States",2025-04-15 20:00:53,17
Aclima,49,information technology & services,http://www.aclima.io,19-Sep-24,Debt Financing,13000000,"San Francisco, California, United States",2025-04-15 20:00:53,17
AtoB,140,financial services,http://www.atob.com,19-Sep-24,Series C,130000000,"San Francisco, California, United States",2025-04-15 20:00:53,17
Picus Security,240,computer & network security,http://www.picussecurity.com,19-Sep-24,Venture - Series Unknown,45000000,"San Francisco, California, United States",2025-04-15 20:00:53,17
Oro Labs,130,information technology & services,http://www.orolabs.ai,18-Sep-24,Venture - Series Unknown,34000000,"Palo Alto, California, United States",2025-04-15 20:00:54,17
Fal,25,0,http://www.fal.ai,18-Sep-24,Series A,14000000,"Oakland, California, United States",2025-04-15 20:00:54,17
Mercor,86,information technology & services,http://www.mercor.com,18-Sep-24,Series A,30000000,"San Francisco, California, United States",2025-04-15 20:00:54,17
Harvest Thermal,35,oil & energy,http://www.harvest-thermal.com,18-Sep-24,Grant,2000000,"Berkeley, California, United States",2025-04-15 20:00:54,17
CodePath,680,higher education,http://www.codepath.org,18-Sep-24,Grant,50000000,"San Francisco, California, United States",2025-04-15 20:00:54,17
Hgen,6,semiconductors,http://www.hgen.com,17-Sep-24,Seed,5000000,"Hawthorne, California, United States",2025-04-15 20:00:54,17
Orb,52,information technology & services,http://www.withorb.com,17-Sep-24,Series B,25000000,"San Francisco, California, United States",2025-04-15 20:00:54,17
Mindtrip,23,0,http://www.mindtrip.ai,17-Sep-24,Seed,12000000,"San Francisco, California, United States",2025-04-15 20:00:54,17
Futuro Health,290,government administration,http://www.futurohealth.org,17-Sep-24,Grant,10200000,"Sacramento, California, United States",2025-04-15 20:00:54,17
Prof Jim,45,e-learning,http://www.profjim.com,17-Sep-24,Seed,1500000,"Sunnyvale, California, United States",2025-04-15 20:00:54,17
TeamBridge,41,information technology & services,http://www.teambridge.com,16-Sep-24,Series B,28000000,"San Francisco, California, United States",2025-04-15 20:00:54,17
World Labs,8,research,http://www.worldlabs.ai,13-Sep-24,Venture - Series Unknown,230000000,"Stanford, California, United States",2025-04-15 20:00:54,17
Operant,28,information technology & services,http://www.operant.ai,12-Sep-24,Series A,10000000,"San Francisco, California, United States",2025-04-15 20:19:13,18
Bounti.ai,46,information technology & services,http://www.bounti.ai,12-Sep-24,Seed,16000000,"San Jose, California, United States",2025-04-15 20:19:13,18
Connectly.ai,54,0,http://www.connectly.ai,11-Sep-24,Series B,20000000,"Redwood City, California, United States",2025-04-15 20:19:13,18
Nostra AI,52,information technology & services,http://www.nostra.ai,11-Sep-24,Venture - Series Unknown,8900000,"San Francisco, California, United States",2025-04-15 20:19:13,18
Candid Health,80,hospital & health care,http://www.joincandidhealth.com,11-Sep-24,Series B,29000000,"San Francisco, California, United States",2025-04-15 20:19:13,18
Polly,160,financial services,http://www.polly.io,10-Sep-24,Venture - Series Unknown,25000000,"San Francisco, California, United States",2025-04-15 20:19:13,18
Glean,590,information technology & services,http://www.glean.com,10-Sep-24,Series E,260000000,"Palo Alto, California, United States",2025-04-15 20:19:13,18
Reshape Automation,10,mechanical or industrial engineering,http://www.reshapeautomation.com,10-Sep-24,Seed,5000000,"San Francisco, California, United States",2025-04-15 20:19:13,18
Infinium,62,0,http://www.infiniumco.com,10-Sep-24,Private Equity,0,"Sacramento, California, United States",2025-04-15 20:19:13,18
Blended Technologies,7,information technology & services,http://www.blendedtech.com,10-Sep-24,Seed,2500000,"Napa, California, United States",2025-04-15 20:19:13,18
AttoTude,1,0,http://www.attotude.com,10-Sep-24,Series A,29000000,"Menlo Park, California, United States",2025-04-15 20:19:13,18
Neurona Therapeutics,72,research,http://www.neuronatherapeutics.com,10-Sep-24,Grant,3800000,"San Francisco, California, United States",2025-04-15 20:19:13,18
P0 Security,12,information technology & services,http://www.p0.dev,10-Sep-24,Series A,15000000,"San Francisco, California, United States",2025-04-15 20:19:13,18
PIN AI,8,information technology & services,http://www.pinai.io,9-Sep-24,Pre-Seed,10000000,"California City, California, United States",2025-04-15 20:19:13,18
Race,150,telecommunications,http://www.race.com,9-Sep-24,Private Equity,375000000,"South San Francisco, California, United States",2025-04-15 20:19:13,18
OrsoBio,17,research,http://www.orsobio.com,6-Sep-24,Series B,67000000,"Palo Alto, California, United States",2025-04-15 20:19:13,18
DubClub,36,0,http://www.dubclub.win,5-Sep-24,Series A,7500000,"San Francisco, California, United States",2025-04-15 20:19:13,18
Thatch,48,information technology & services,http://www.thatch.ai,5-Sep-24,Series A,38000000,"San Francisco, California, United States",2025-04-15 20:19:13,18
Drip Capital,330,financial services,http://www.dripcapital.com,5-Sep-24,Debt Financing,90000000,"Palo Alto, California, United States",2025-04-15 20:19:13,18
Acuvity,3,0,http://www.acuvity.ai,5-Sep-24,Seed,9000000,"Sunnyvale, California, United States",2025-04-15 20:19:13,18
Portex,19,0,http://www.portexpro.com,5-Sep-24,Seed,6250000,"Hayward, California, United States",2025-04-15 20:36:07,19
Agree.com,4,0,http://www.agree.com,5-Sep-24,Pre-Seed,3000000,"San Francisco, California, United States",2025-04-15 20:36:07,19
Fiddler AI,76,information technology & services,http://www.fiddler.ai,5-Sep-24,Venture - Series Unknown,18949994,"Palo Alto, California, United States",2025-04-15 20:36:07,19
Cortex,130,information technology & services,http://www.cortex.io,4-Sep-24,Series C,60000000,"San Francisco, California, United States",2025-04-15 20:36:07,19
ArsenalBio,280,research,http://www.arsenalbio.com,4-Sep-24,Series C,325000000,"South San Francisco, California, United States",2025-04-15 20:36:07,19
Ceres Imaging,66,information technology & services,http://www.ceres.ai,4-Sep-24,Series D,0,"Oakland, California, United States",2025-04-15 20:36:07,19
Venova Medical,9,medical devices,http://www.venovamedical.com,4-Sep-24,Series B,30000000,"Los Gatos, California, United States",2025-04-15 20:36:07,19
Climax Foods,39,food production,http://www.climax.bio,4-Sep-24,Debt Financing,0,"Berkeley, California, United States",2025-04-15 20:36:07,19
Flex,10,financial services,http://www.withflex.com,4-Sep-24,Seed,3200000,"San Francisco, California, United States",2025-04-15 20:36:07,19
Circle Pharma,70,research,http://www.circlepharma.com,3-Sep-24,Series D,90000000,"San Francisco, California, United States",2025-04-15 20:36:07,19
Segmed,46,hospital & health care,http://www.segmed.ai,3-Sep-24,Series A,10400000,"Palo Alto, California, United States",2025-04-15 20:36:07,19
Linea Energy,32,0,http://www.lineaenergy.com,3-Sep-24,Debt Financing,145000000,"San Francisco, California, United States",2025-04-15 20:36:07,19
Gainful,63,"health, wellness & fitness",http://www.gainful.com,3-Sep-24,Series B,0,"San Francisco, California, United States",2025-04-15 20:36:07,19
Mintlify,12,information technology & services,http://www.mintlify.com,3-Sep-24,Series A,18500000,"San Francisco, California, United States",2025-04-15 20:36:07,19
Magic Lifescience,12,medical devices,http://www.magiclifescience.com,3-Sep-24,Grant,163398,"Mountain View, California, United States",2025-04-15 20:36:07,19
Approveit,21,information technology & services,http://www.approveit.today,2-Sep-24,Seed,1000000,"San Francisco, California, United States",2025-04-15 20:36:07,19
Weeknd,5,0,http://www.weekndsocial.app,1-Sep-24,Seed,0,"San Francisco, California, United States",2025-04-15 20:36:07,19
Crafty Apes,370,entertainment,http://www.craftyapes.com,30-Aug-24,Debt Financing,0,"El Segundo, California, United States",2025-04-15 20:36:07,19
Codeium,81,information technology & services,http://www.codeium.com,29-Aug-24,Series C,150000000,"Mountain View, California, United States",2025-04-15 20:36:07,19
MIRIS,26,online media,http://www.miris.com,29-Aug-24,Seed,26000000,"Culver City, California, United States",2025-04-15 20:36:07,19
nOps,120,information technology & services,http://www.nops.io,28-Aug-24,Series A,30000000,"San Francisco, California, United States",2025-04-15 20:37:57,20
Uplift Labs,24,information technology & services,http://www.uplift.ai,28-Aug-24,Seed,2100000,"Palo Alto, California, United States",2025-04-15 20:37:57,20
Opus Clip,54,information technology & services,http://www.opus.pro,28-Aug-24,Series A,30000000,"Redwood City, California, United States",2025-04-15 20:37:57,20
Bland AI,11,telecommunications,http://www.bland.ai,28-Aug-24,Series A,16000000,"San Francisco, California, United States",2025-04-15 20:37:57,20
Noetik,22,research,http://www.noetik.ai,28-Aug-24,Series A,40000000,"South San Francisco, California, United States",2025-04-15 20:37:57,20
Inventive AI,10,0,http://www.inventive.ai,28-Aug-24,Seed,4000000,"Mountain View, California, United States",2025-04-15 20:37:57,20
Linker Finance,14,financial services,http://www.linkerfinance.com,27-Aug-24,Seed,3700000,"Pasadena, California, United States",2025-04-15 20:37:57,20
ProhostAI,2,0,http://www.prohost.ai,27-Aug-24,Pre-Seed,1465000,"San Francisco, California, United States",2025-04-15 20:37:57,20
Cribl,790,information technology & services,http://www.cribl.io,27-Aug-24,Series E,200000000,"San Francisco, California, United States",2025-04-15 20:37:57,20
Gameplay Galaxy,57,computer games,http://www.gameplaygalaxy.com,27-Aug-24,Seed,11170000,"San Francisco, California, United States",2025-04-15 20:37:57,20
Spire Global,560,information services,http://www.spire.com,27-Aug-24,Grant,3500000,"San Francisco, California, United States",2025-04-15 20:37:58,20
Fleet,69,information technology & services,http://www.movewithfleet.com,27-Aug-24,Seed,2500000,"Palo Alto, California, United States",2025-04-15 20:37:58,20
just words,7,information technology & services,http://www.justwords.ai,27-Aug-24,Seed,1700000,"San Francisco, California, United States",2025-04-15 20:37:58,20
Planera,22,0,http://www.planera.io,27-Aug-24,Series A,13500000,"Pleasanton, California, United States",2025-04-15 20:37:58,20
Clearway Energy Group,760,utilities,http://www.clearwayenergygroup.com,26-Aug-24,Debt Financing,550000000,"San Francisco, California, United States",2025-04-15 20:37:58,20
Tavoro,3,information technology & services,http://www.tavoro.com,26-Aug-24,Seed,2500000,"San Francisco, California, United States",2025-04-15 20:37:58,20
Accession Risk Management Group,26,insurance,http://www.accessionrmg.com,22-Aug-24,Debt Financing,1000000000,"Sacramento, California, United States",2025-04-15 20:37:58,20
Openwater,30,medical devices,http://www.openwater.health,22-Aug-24,Venture - Series Unknown,54000000,"San Francisco, California, United States",2025-04-15 20:37:58,20
Scale AI,4100,information technology & services,http://www.scale.com,21-Aug-24,Series C,1000000000,"San Francisco, California, United States",2025-04-15 20:37:58,20
Kodiak Robotics,210,information technology & services,http://www.kodiak.ai,21-Aug-24,Series C,0,"Mountain View, California, United States",2025-04-15 20:37:58,20
Qualified Digital,58,marketing & advertising,http://www.qualifiedigital.com,21-Aug-24,Private Equity,0,"Oakland, California, United States",2025-04-15 20:38:08,21
Skyfire Systems,3,financial services,http://www.skyfire.xyz,21-Aug-24,Seed,8500000,"San Francisco, California, United States",2025-04-15 20:38:08,21
XII Medical,27,medical devices,http://www.xiimedical.com,21-Aug-24,Series B,45000000,"Union City, California, United States",2025-04-15 20:38:08,21
Piramidal,6,information technology & services,http://www.piramidal.ai,21-Aug-24,Seed,6000000,"San Francisco, California, United States",2025-04-15 20:38:08,21
Lettuce Financial,15,financial services,http://www.lettuce.co,21-Aug-24,Series A,15000000,"San Francisco, California, United States",2025-04-15 20:38:08,21
Enteligent,24,semiconductors,http://www.enteligent.com,20-Aug-24,Seed,6000000,"San Jose, California, United States",2025-04-15 20:38:08,21
Starpath Robotics,15,aviation & aerospace,http://www.starpath.space,20-Aug-24,Seed,12000000,"San Francisco, California, United States",2025-04-15 20:38:08,21
Kubiya.ai,23,information technology & services,http://www.kubiya.ai,20-Aug-24,Seed,6000000,"Palo Alto, California, United States",2025-04-15 20:38:08,21
Marathon Fusion,10,0,http://www.marathonfusion.com,20-Aug-24,Grant,5900000,"San Francisco, California, United States",2025-04-15 20:38:08,21
Pangeam Inc.,12,information technology & services,http://www.pangeam.com,20-Aug-24,Seed,2750000,"San Francisco, California, United States",2025-04-15 20:38:08,21
Eppo,64,information technology & services,http://www.geteppo.com,20-Aug-24,Series B,28000000,"San Francisco, California, United States",2025-04-15 20:38:08,21
Fortera,85,mechanical or industrial engineering,http://www.forteraglobal.com,20-Aug-24,Series C,85000000,"San Jose, California, United States",2025-04-15 20:38:08,21
Exin Health,10,hospital & health care,http://www.exinhealth.ai,19-Aug-24,Seed,0,"Palo Alto, California, United States",2025-04-15 20:38:08,21
Fabric Cryptography,45,computer hardware,http://www.fabriccryptography.com,19-Aug-24,Series A,33000000,"San Francisco, California, United States",2025-04-15 20:38:08,21
Ensemble AI,7,information technology & services,http://www.ensemblecore.ai,15-Aug-24,Seed,3300000,"San Francisco, California, United States",2025-04-15 20:38:08,21
Era Finance,10,financial services,http://www.era.app,15-Aug-24,Venture - Series Unknown,9362409,"San Francisco, California, United States",2025-04-15 20:38:08,21
Kiteworks,250,information technology & services,http://www.kiteworks.com,14-Aug-24,Private Equity,456000000,"San Mateo, California, United States",2025-04-15 20:38:08,21
nunu.ai,3,0,http://www.nunu.ai,14-Aug-24,Pre-Seed,2000000,"San Francisco, California, United States",2025-04-15 20:38:08,21
Moximed,51,medical devices,http://www.moximed.com,13-Aug-24,Series D,61000000,"Hayward, California, United States",2025-04-15 20:38:08,21
Guidewheel,56,information technology & services,http://www.guidewheel.com,13-Aug-24,Series B,31000000,"San Francisco, California, United States",2025-04-15 20:38:08,21
Cision Vision,9,medical devices,http://www.cisionvision.com,13-Aug-24,Grant,22300000,"Mountain View, California, United States",2025-04-15 20:38:17,22
PayZen,68,information technology & services,http://www.payzen.com,13-Aug-24,Debt Financing,200000000,"San Francisco, California, United States",2025-04-15 20:38:17,22
Voltera,84,0,http://www.volterapower.com,13-Aug-24,Debt Financing,100000000,"Palo Alto, California, United States",2025-04-15 20:38:17,22
"HeatMap, Inc",25,0,http://www.heatmap.com,13-Aug-24,Seed,4000000,"San Francisco, California, United States",2025-04-15 20:38:17,22
Cosine,9,information technology & services,http://www.cosine.sh,12-Aug-24,Seed,2500000,"San Francisco, California, United States",2025-04-15 20:38:17,22
DevRev,450,information technology & services,http://www.devrev.ai,9-Aug-24,Series A,100825173,"Palo Alto, California, United States",2025-04-15 20:38:17,22
Double,7,financial services,http://www.double.finance,9-Aug-24,Seed,500000,"San Francisco, California, United States",2025-04-15 20:38:17,22
Brisk Teaching,18,education management,http://www.briskteaching.com,9-Aug-24,Venture - Series Unknown,6899995,"Los Altos, California, United States",2025-04-15 20:38:17,22
Feeling Great,28,mental health care,http://www.feelinggreat.com,8-Aug-24,Seed,8000000,"San Francisco, California, United States",2025-04-15 20:38:17,22
Reforged Labs,14,information technology & services,http://www.reforgedlabs.com,8-Aug-24,Seed,3900000,"Mountain View, California, United States",2025-04-15 20:38:17,22
Opal,21,electrical/electronic manufacturing,http://www.opalcamera.com,8-Aug-24,Series B,60000000,"San Francisco, California, United States",2025-04-15 20:38:17,22
Switchback Systems,12,research,http://www.switchbacksys.com,8-Aug-24,Venture - Series Unknown,10088281,"Santa Cruz, California, United States",2025-04-15 20:38:17,22
Bardeen,40,information technology & services,http://www.bardeen.ai,8-Aug-24,Venture - Series Unknown,3000000,"San Francisco, California, United States",2025-04-15 20:38:17,22
Bryte,74,electrical/electronic manufacturing,http://www.bryte.com,8-Aug-24,Venture - Series Unknown,1000000,"Los Altos, California, United States",2025-04-15 20:38:17,22
Ionetix,63,pharmaceuticals,http://www.ionetix.com,7-Aug-24,Venture - Series Unknown,0,"San Francisco, California, United States",2025-04-15 20:38:17,22
Anjuna,47,computer & network security,http://www.anjuna.io,7-Aug-24,Series B,25000000,"Palo Alto, California, United States",2025-04-15 20:38:17,22
Flow,120,financial services,http://www.flowinc.com,7-Aug-24,Venture - Series Unknown,6000000,"San Francisco, California, United States",2025-04-15 20:38:17,22
Napkin AI,9,information technology & services,http://www.napkin.ai,7-Aug-24,Seed,10000000,"Los Altos, California, United States",2025-04-15 20:38:17,22
Datch,36,information technology & services,http://www.datch.io,7-Aug-24,Series A,15000000,"San Francisco, California, United States",2025-04-15 20:38:17,22
Greptime,18,0,http://www.greptime.com,7-Aug-24,Series A,0,"Sunnyvale, California, United States",2025-04-15 20:38:17,22
Sundial,58,information technology & services,http://www.sundial.so,6-Aug-24,Venture - Series Unknown,23348218,"Palo Alto, California, United States",2025-04-15 20:38:25,23
Mechanical Orchard,85,information technology & services,http://www.mechanical-orchard.com,6-Aug-24,Series B,50000000,"San Francisco, California, United States",2025-04-15 20:38:25,23
MentalHappy,10,"health, wellness & fitness",http://www.mentalhappy.com,6-Aug-24,Venture - Series Unknown,500000,"San Francisco, California, United States",2025-04-15 20:38:25,23
Abnormal Security,780,computer & network security,http://www.abnormalsecurity.com,6-Aug-24,Series D,250000000,"San Francisco, California, United States",2025-04-15 20:38:25,23
Climatize,12,financial services,http://www.climatize.earth,6-Aug-24,Pre-Seed,1750000,"Santa Cruz, California, United States",2025-04-15 20:38:25,23
Shinobi Therapeutics,22,research,http://www.shinobitx.com,6-Aug-24,Series A,68000000,"South San Francisco, California, United States",2025-04-15 20:38:25,23
Curio Research,4,computer games,http://www.curio.gg,6-Aug-24,Seed,5700000,"San Francisco, California, United States",2025-04-15 20:38:25,23
Muon Space,92,aviation & aerospace,http://www.muonspace.com,5-Aug-24,Series B,56703744,"Mountain View, California, United States",2025-04-15 20:38:25,23
Groq,290,semiconductors,http://www.groq.com,5-Aug-24,Series D,640000000,"Mountain View, California, United States",2025-04-15 20:38:25,23
AutoComplete,33,insurance,http://www.autocomplete.io,5-Aug-24,Seed,0,"San Francisco, California, United States",2025-04-15 20:38:25,23
Solarcycle,65,0,http://www.solarcycle.us,1-Aug-24,Venture - Series Unknown,31629998,"Oakland, California, United States",2025-04-15 20:38:25,23
Hedra,13,media production,http://www.hedra.com,1-Aug-24,Seed,10000000,"San Francisco, California, United States",2025-04-15 20:38:25,23
Skillfully,39,information technology & services,http://www.skillful.ly,1-Aug-24,Seed,2500000,"San Francisco, California, United States",2025-04-15 20:38:25,23
Global Predictions,8,financial services,http://www.globalpredictions.com,1-Aug-24,Seed,2000000,"San Francisco, California, United States",2025-04-15 20:38:25,23
Tezi,8,information technology & services,http://www.tezi.ai,31-Jul-24,Seed,9000000,"Menlo Park, California, United States",2025-04-15 20:38:25,23
Thumbtack,1500,information technology & services,http://www.thumbtack.com,31-Jul-24,Debt Financing,75000000,"San Francisco, California, United States",2025-04-15 20:38:25,23
Swords to Plowshares,240,nonprofit organization management,http://www.swords-to-plowshares.org,31-Jul-24,Grant,0,"San Francisco, California, United States",2025-04-15 20:38:25,23
Ema,47,information technology & services,http://www.ema.co,31-Jul-24,Series A,36000000,"Mountain View, California, United States",2025-04-15 20:38:25,23
Endari,0,computer & network security,http://www.endari.com,31-Jul-24,Seed,4000000,"Palo Alto, California, United States",2025-04-15 20:38:25,23
Streamkap,12,information technology & services,http://www.streamkap.com,31-Jul-24,Seed,3300000,"San Francisco, California, United States",2025-04-15 20:38:26,23
